Ages_10_to,Ages_10to1,Ages_15_to,Ages_15to1,Ages_18_an,Ages_18and,Ages_20_to,Ages_20to2,Ages_25_to,Ages_25to4,Ages_45_to,Ages_45to6,Ages_5_to_,Ages_5to9,Ages_65_an,Ages_65and,Ages_Under,BoroCD,Borough_name,CounDist,OBJECTID,Precinct,SUM_ASZ,SUM_BikeFatal,SUM_BikeInj,SUM_Enhanced_Crossings,SUM_Fatalities,SUM_Injuries,SUM_LPI,SUM_Left_Turn_Traffic_Calming,SUM_MVFatal,SUM_MVInj,SUM_NeighSlowZones,SUM_PedFatal,SUM_PedInj,SUM_SIPCorridors,SUM_SIPIntersections,SUM_SignalTiming,SUM_SpeedHumps,SUM_Turn_Traffic_Calming,SUM_VZ_Bike,SUM_VZ_Priority_Corridors,SUM_VZ_Priority_Intersections,SUM_VZ_Priority_Zones,Shape_Area,Shape_Area_1,Shape_Leng,Shape_Length,Shape_Length_1,TotalPop,Total_Pop,geometry_x,geometry_y,source_layer_id
1487,,2044,,57815,,6762,,32579,,12670,,2317,,4541,,4279,,,,1,1,2.206921169053081,0,11,2,0,69,54,9,0,40,0.09396790748150355,0,17,13.924663043613407,12,1.1235208881332985,4,15,0,2.26621022556549,4,10.327099410303479,47184418.17708396,,79980.2504599,79979.87720607531,,,66679,,,0
1891,,2290,,45735,,5091,,16970,,13730,,1876,,8824,,1915,,,,2,5,2.2342681742215533,0,12,0,0,56,24,7,0,18,0,0,25,12.24878970374197,2,7.8362138410715865,11,15,0,1.0447725339903735,3,18.593207741334382,18086505.856312744,,18676.8876782,18676.887437751877,,,52587,,,0
971,,3721,,57225,,4926,,26362,,14724,,1417,,8099,,2006,,,,3,6,1.2303941445950186,0,15,9,0,48,44,0,0,18,4.763579545738487,0,15,9.769317791978185,8,12.55624574949617,17,7,0,3.106228319419303,5,14.682824171707862,22131900.859088954,,27182.6876167,27182.397820912534,,,62226,,,0
2634,,3010,,46746,,4451,,17417,,14024,,2614,,9584,,2602,,,,4,7,0.8756237898224798,0,7,3,0,35,21,4,0,18,0.024576329675490317,0,9,8.536926080255231,2,0,9,7,0,0.9624635210400656,4,7.532400860134587,18363027.476353966,,17301.4925491,17301.48492747527,,,56336,,,0
2099,,5068,,68693,,10398,,30094,,16635,,1991,,7895,,2263,,,,5,9,1.5820551687171032,0,3,0,0,20,45,5,0,10,11.33899770569146,0,7,11.213700524140569,1,1.963696297481512,39,15,0,3.852534549670765,3,15.318211857080641,21395529.72067374,,19773.4220854,19773.416892874156,,,76443,,,0
1051,,2063,,45687,,4065,,20661,,13324,,1137,,6276,,1603,,,,6,10,0.7337883678442166,0,12,1,0,65,74,10,0,25,0,0,25,13.277304965472647,7,12.667586694030444,23,13,0,6.3666552249958075,3,12.497723414089496,27228633.71077541,,40043.1752514,40043.17497213533,,,50180,,,0
1591,,3537,,85889,,12007,,38678,,21213,,1973,,11464,,3177,,,,7,13,0.7334717146401568,0,11,3,0,62,95,17,0,27,1.0821758110600394e-06,0,20,15.904299656882843,6,9.324441754925527,14,35,0,7.701353796306762,7,26.984447331522414,29508024.66174728,,27735.2664677,27735.26462566321,,,93640,,,0
228,,683,,19495,,3257,,9806,,4226,,295,,1661,,495,,,,8,14,1.59560114272047,0,21,0,0,88,71,11,0,33,0,0,31,17.236724510283324,13,16.137460025036972,0,12,0,6.533895233420822,7,22.417145178420736,20510164.23748016,,20974.7092434,20974.709393688936,,,20651,,,0
1093,,1289,,73170,,7390,,32818,,19034,,1525,,13222,,2755,,,,9,17,0,0,16,0,0,78,88,19,0,40,0,0,20,17.079764083499207,2,0,6,36,0,7.418965456080108,5,20.411171352930744,22272798.13731025,,25759.8945526,25759.830637720122,,,79126,,,0
878,,1085,,49977,,4750,,24367,,12999,,979,,7341,,1667,,,,10,18,2.9027775840840793,1,23,0,3,103,115,8,0,33,0,2,46,24.35160087391518,16,2.043296234129433,5,13,0,6.657433007571331,8,25.82748285201445,32280333.11149117,,42179.9057771,42179.88406981407,,,54066,,,0
6633,,5210,,179408,,12048,,77752,,51572,,7978,,36372,,10694,,,,11,19,3.729992278301512,0,20,0,1,93,260,27,0,39,0,1,30,14.249949708041528,6,95.81156970136183,23,51,0,9.124668714015943,6,20.95688544864126,48737395.87890677,,29563.1452164,29563.041696449185,,,208259,,,0
2869,,3157,,88247,,5051,,38375,,26870,,3752,,16484,,6066,,,,12,20,4.091491590628751,0,13,3,0,32,93,6,0,8,0,0,11,6.737315507068336,16,8.519971232193974,23,10,0,1.3621048787610286,0,0.41846089846502843,27670921.28155329,,27040.9944208,27040.99341082125,,,102624,,,0
0,,3,,24,,0,,13,,7,,0,,1,,1,,,,13,22,0,0,3,0,0,12,25,2,0,5,0,0,3,22.205131889635844,0,9.159713643616776,0,4,0,0,0,1.5783538880734822,38301732.42158961,,32701.3432045,32701.343435283623,,,25,,,0
4475,,5620,,56927,,6687,,22165,,16303,,4224,,9377,,4255,,,,14,23,1.9046729723797484,0,11,0,0,42,82,6,0,20,0,0,9,7.373322663296213,20,0,22,14,0,3.808801817121792,1,0,21467731.01406521,,19438.1120889,19438.111993864393,,,73106,,,0
4159,,4061,,89840,,6585,,33590,,30045,,4403,,18223,,5394,,,,15,24,3.6490008080961593,0,6,6,0,29,85,4,0,10,0,0,12,7.319425410590513,10,0,36,11,0,1.2064413173634987,1,0,25479608.277714893,,20706.9130719,20706.912762855845,,,106460,,,0
2957,,3681,,36536,,4060,,14700,,10896,,2814,,5323,,2974,,,,16,25,1.7230268565649367,0,9,1,0,91,84,7,0,64,0,0,18,11.76870888528625,0,1.6227549152813605,15,15,0,3.4896431990689223,2,0,44792856.03036544,,52200.2050261,52200.143055324945,,,47405,,,0
1827,,4865,,42531,,9166,,15526,,8911,,1856,,5287,,2070,,,,17,26,3.865349311932711,0,14,3,0,44,41,4,0,21,0,0,8,6.690564962841171,4,40.05092230287315,17,5,0,0.7776914129174962,1,0,23835999.27468181,,23938.4886746,23938.48797881274,,,49508,,,0
2460,,2673,,35443,,3551,,15932,,10897,,2539,,3944,,2785,,,,18,28,0,0,8,1,0,24,61,1,0,12,0,0,3,5.951308993294475,12,0,30,7,0,1.4739174847716827,1,0,15289837.885910345,,17100.1843252,17100.1846120022,,,44781,,,0
3351,,4251,,48492,,6066,,20004,,14029,,3109,,6559,,3316,,,,19,30,2.9046460452894105,0,8,3,0,31,33,1,0,13,0,0,10,3.763354093645883,4,16.89738122108453,27,6,0,0.7206881581801772,3,0,18837737.484289065,,21628.58942,21628.58845778816,,,60685,,,0
4460,,5336,,54563,,5883,,21904,,16651,,4244,,8008,,4456,,,,20,32,0,1,9,0,1,54,64,1,0,34,0,0,11,6.995932220903079,9,12.4327324688795,35,4,0,1.4079652689614952,1,0,23008528.392175253,,25291.7684881,25291.767516498607,,,70942,,,0
4142,,5411,,61961,,7739,,23837,,18711,,3695,,9343,,4080,,,,21,33,3.1343855752440786,0,3,5,0,60,50,3,0,36,0.15455428619331674,0,21,6.066064084230109,5,0,24,13,0,0,2,0,25864247.517120976,,21745.8324607,21745.76529709812,,,76958,,,0
5942,,7205,,90752,,10227,,35513,,28323,,5615,,13639,,6598,,,,22,34,2.8883509390587423,0,2,2,0,71,56,2,0,50,9.956841130832627,0,18,7.101007318857873,3,0.4941506995136771,64,8,0,0,0,0,52113699.34844788,,45567.0203008,45565.734705915784,,,113062,,,0
7462,,8910,,63593,,8135,,25332,,18343,,7572,,8134,,7609,,,,23,40,2.5467187617419547,1,10,1,1,166,72,4,0,114,0,0,40,11.50326442369813,14,6.600937181391724,61,19,0,9.347246399081657,10,34.82289312841745,60405279.291146584,,33335.2228019,33335.223260254344,,,91497,,,0
4299,,4598,,36459,,4744,,15135,,10606,,4248,,4079,,4537,,,,24,41,1.3316292715642373,0,5,3,0,109,37,2,0,72,0.2190371380057235,0,28,17.229210443595562,20,5.796571306081756,34,5,0,4.894110019932222,4,12.399072724129311,62143501.129388526,,48015.3243255,48015.182570160076,,,52246,,,0
6874,,7709,,54626,,6773,,21608,,16846,,6733,,6377,,6842,,,,25,42,2.6337267609934756,0,10,3,1,109,106,0,0,57,6.062757520085725,1,39,15.413324884992676,10,35.38659317732504,62,13,0,7.49397389127438,3,30.81988592216401,44817788.109939165,,33594.8796034,33594.87941242457,,,79762,,,0
12583,,14330,,126417,,13378,,48833,,40648,,12240,,17709,,12410,,,,26,43,0,0,2,11,2,147,66,4,1,99,9.484075662356906,1,38,19.42342766786367,5,16.149595360267902,118,10,0,5.616989211681466,2,25.06532105192934,113315229.1162854,,61600.1202748,61599.58428987702,,,172131,,,0
11351,,12749,,104654,,12172,,42179,,32721,,11502,,12428,,12457,,,,27,44,8.423974553203552,0,7,7,0,110,119,1,0,69,3.022063608062357,0,33,22.14102619158861,23,5.5905579600221404,75,8,0,7.1703831559248785,5,41.62051410313405,55530176.508503824,,31395.7388893,31395.721433591367,,,147559,,,0
6970,,7778,,96504,,7777,,31505,,33064,,6409,,20857,,6464,,,,28,45,0,0,4,0,0,91,48,1,0,61,7.826499749510617,0,24,8.941237613384034,12,15.21231655822,126,6,0,3.1002366067680036,0,0,271530972.79815537,,309495.031906,309485.19688664476,,,120824,,,0
10128,,11638,,89035,,11238,,36170,,28398,,10249,,8373,,10888,,,,29,46,7.041360831743073,0,8,1,0,118,84,5,0,79,0.03523125716495157,0,30,20.780377052505333,16,41.83626512492703,70,8,0,3.362773151562941,6,37.781704145924785,38323446.2311743,,29611.7186403,29611.719564166822,,,127082,,,0
10981,,12554,,112858,,11396,,41202,,37905,,10548,,17538,,10250,,,,30,47,2.2705796452507117,0,7,7,0,186,98,4,0,141,5.313552971380202,0,33,28.835887047354092,14,22.651841477521213,222,10,0,7.22016802868361,5,0,160543268.06275678,,86535.9254407,86535.9261379434,,,152374,,,0
6855,,8985,,57800,,8586,,22480,,15846,,6929,,6473,,7112,,,,31,48,1.9492820066960383,0,6,1,0,101,89,2,0,66,0,0,26,19.645834382132033,6,8.671207007361653,64,11,0,6.905366349686456,3,45.468513203842654,43235442.97382787,,35167.8851986,35167.885280779396,,,83266,,,0
7179,,7853,,88287,,8238,,33465,,27858,,7100,,15597,,7422,,,,32,49,0.07911292842450249,0,7,0,0,120,79,3,0,90,4.32446877043498,0,20,14.693415877061549,9,31.17854650156518,143,17,0,6.687326457264037,3,2.832627877955173,105808622.17958789,,45759.4508982,45759.45114488276,,,114712,,,0
5260,,6696,,81198,,7262,,27384,,25528,,5332,,17943,,6315,,,,33,50,0.3299126167336462,0,4,13,1,98,41,1,0,63,6.746833401117155,1,30,8.905713545727966,11,2.384191698718459,104,10,0,0.8117278193091064,0,3.2063661399553722,136447705.728786,,51836.4706657,51836.032468790276,,,101720,,,0
9799,,11306,,101205,,11668,,42332,,31243,,10333,,11262,,11364,,,,34,52,7.449823232337643,0,9,5,0,109,61,1,0,68,4.7260180137266685,0,31,20.304133904044814,4,19.903822999375926,68,11,0,5.919091058034858,4,28.486977689449425,79602160.9571726,,64512.4094446,64512.293378069204,,,139307,,,0
5332,,6427,,84893,,6743,,23763,,29236,,4973,,22547,,5257,,,,35,60,0.9889001291889871,0,5,0,0,104,70,5,0,66,0,0,29,4.342358652239725,7,7.003947063547229,42,12,2.177866971210561,9.352638627828522,7,5.522941616630409,88169736.78684504,,66157.806586,66155.8440288482,,,104278,,,0
8891,,9752,,126119,,11080,,40519,,44245,,9087,,26319,,9757,,,,36,61,1.6359282315270718,0,12,2,3,202,190,12,0,132,0,3,52,15.644585644602685,0,24.30621308320863,123,44,143.25518078044846,9.542962266713069,7,42.27793399900593,134634670.47805417,,128323.384654,125990.70794911309,,,169650,,,0
10073,,10541,,145177,,13090,,52772,,48469,,9992,,26551,,10493,,,,37,62,0,0,10,0,1,134,131,9,0,77,0,1,36,8.595321558349363,7,27.62818772614729,73,35,3.0805717712882905,5.574746217067307,3,11.305948649504575,103207043.55838059,,51734.1322323,51733.76119257194,,,181981,,,0
7340,,7692,,81412,,7361,,27771,,30158,,7205,,14107,,6821,,,,38,63,4.39760944571104,0,9,7,0,206,62,3,0,166,0,0,30,16.811335286265763,20,23.64597841158814,88,16,3.466669366064513,9.58512020253183,3,0,229593657.41461736,,205136.647178,205133.80193751867,,,108455,,,0
15975,,15308,,126053,,15143,,49276,,36708,,18334,,18914,,21724,,,,39,66,2.1464158945923764,0,17,4,0,229,227,12,0,110,0,0,86,3.3438246523375175,36,53.68864877465196,60,64,100.39109494260188,11.262339876240889,8,49.977210778145306,99520211.54068328,,52361.4989853,52361.4994112144,,,191382,,,0
9964,,11035,,119802,,11496,,42595,,42093,,9397,,19202,,9688,,,,40,67,1.8717739252049475,0,15,0,1,261,142,6,0,183,0,1,56,17.679522195112742,31,23.717626428318543,102,30,95.76703324684655,14.289136329883389,12,35.32885264593414,93744703.43469885,,43288.8820292,43288.881553938394,,,155443,,,0
6389,,6550,,100241,,7714,,39073,,32823,,6668,,18058,,7253,,,,41,68,0,0,17,3,0,116,163,6,0,67,0,0,24,22.77802089626123,8,8.330206631343165,79,20,0,4.354281752859585,0,12.01067869027227,110941217.18220863,,44530.5015554,44529.950977730856,,,124528,,,0
5970,,6898,,63793,,6501,,22531,,23317,,5440,,8717,,5106,,,,42,69,0,0,3,3,1,136,37,1,0,113,0,1,19,10.927310680091528,3,10.195384940204455,32,11,0.8632851133945834,2.4843660770670644,2,0.19841559749698345,107326363.21033034,,119423.914522,119423.47177349192,,,84480,,,0
10730,,11631,,120633,,12650,,45277,,39782,,10597,,18317,,11680,,,,43,70,2.633078677815685,0,13,5,0,142,129,7,0,81,0,0,45,12.887589388671731,7,48.037996294386474,95,28,82.63684139216731,10.79789631666963,4,39.30337983996332,82175324.2538442,,49079.6913718,49079.691356528354,,,160664,,,0
6042,,6597,,75849,,8200,,28682,,24338,,5954,,11953,,6663,,,,44,71,4.556168220296974,0,9,1,0,100,98,12,0,61,0,0,29,6.6723342907138,62,20.894825910850248,105,32,1.7507265956587295,11.198273426992078,10,30.725442599371057,45331560.71522108,,29987.8736968,29987.87316254612,,,98429,,,0
6728,,7508,,97888,,10760,,47269,,26416,,7756,,10329,,9427,,,,45,72,0.02013493113648691,0,21,4,1,137,178,3,0,76,0,1,31,22.207525254093166,11,27.98047514455218,93,6,2.038759625548914,3.684032627652774,2,26.15588460027017,104666070.6166358,,89196.8944998,89196.89370217595,,,126193,,,0
7362,,8320,,60637,,7220,,22914,,19036,,6742,,8157,,6717,,,,46,73,4.728010351586997,0,5,3,1,142,122,0,1,104,3.6163532140822094,0,30,16.799203071279624,28,21.234667038772717,55,11,3.62892173002736,6.330021570208344,4,53.47813606924537,51771865.42936166,,33034.6609396,33034.66105724822,,,86468,,,0
14581,,16554,,131352,,15298,,49410,,42192,,13774,,17870,,13649,,,,47,75,4.5924451498064105,0,14,4,1,363,168,5,0,283,3.811828602926197,1,62,35.83473807793825,71,17.19051204385561,112,28,152.60626476428482,10.708974403576319,8,38.8607693588979,183254300.73161003,,109882.554523,109878.00885752651,,,183328,,,0
1979,,2003,,35118,,2250,,18442,,9259,,2256,,4418,,3087,,,,48,76,0.3991840920075225,0,4,6,0,30,30,2,0,22,3.060966459780945,0,4,7.096651251346492,3,7.285904768184283,46,4,0,0.4873918562527704,0,0.8215688398545931,48238592.35215649,,68148.4716175,68147.63726319197,,,43694,,,0
5492,,6030,,75585,,7751,,34184,,21747,,5373,,9499,,6233,,,,49,77,6.958528532527798,0,5,0,0,97,118,10,0,66,4.687371246209203,0,21,11.416596811395882,42,37.781786319513266,76,22,1.0190911315937132,10.535772097086351,5,36.26540879497903,42649302.48542568,,34662.0132823,34662.013277717495,,,96309,,,0
2180,,1936,,50480,,3065,,27567,,13959,,2896,,5291,,4205,,,,50,78,2.525362331551628,0,10,0,0,102,117,6,0,68,4.478063876552631,0,18,25.36285622062535,21,8.712494975269436,92,11,0,3.9219780044813297,3,8.177330808130973,67680703.1060648,,39751.5427898,39751.54255286318,,,61099,,,0
6135,,6716,,66956,,8552,,29867,,18210,,6281,,7535,,6997,,,,51,79,1.060625448128005,0,13,0,0,111,146,24,0,65,0.49817401899425867,0,30,4.4943622476041964,4,17.22954050408425,115,48,42.41612197559457,8.818333240859692,6,32.713764508282146,44975547.37373457,,28256.6021125,28256.602426684138,,,90263,,,0
4345,,4923,,46933,,5141,,19045,,14784,,4182,,5984,,4318,,,,52,81,1.3375103119823022,0,5,0,0,77,97,2,0,47,0,0,20,2.5525079226047143,3,45.30351070237914,92,10,35.61613692657465,6.202049303000146,1,29.584440570574714,34485430.76140383,,28386.7190017,28386.719336444126,,,62722,,,0
7683,,8630,,83984,,11809,,38125,,22003,,7753,,8387,,8244,,,,53,83,0.24996539740237841,0,5,0,0,115,65,1,0,65,0,0,40,11.113734249339268,20,16.191068644811626,68,10,55.29368114567078,5.112464776606633,0,19.981498240407536,56650181.71777893,,36940.1948081,36940.19454996661,,,112634,,,0
1428,,1834,,41356,,3217,,21413,,10575,,1673,,5111,,2945,,,,54,84,2.1780164683055405,0,6,2,1,64,55,11,1,42,12.706174647380418,0,16,14.627441564759348,17,0.9400467186289211,38,21,0,3.3327998417555253,7,14.236216032553772,35460492.209810115,,38087.9116109,38087.82355343572,,,48196,,,0
1969,,3385,,43242,,4369,,20680,,10444,,1986,,5701,,2887,,,,55,88,1.0746068473228318,0,14,5,0,62,63,10,0,31,4.392530162127298,0,13,13.048712667495606,14,14.487832015951149,86,14,1.282281453035592,4.19755009029734,2,10.709977041452834,42391493.76594759,,53333.0183334,53332.78882831622,,,51421,,,0
8481,,8631,,81597,,11557,,37840,,19231,,9613,,9486,,11997,,,,56,90,0,0,21,1,0,107,117,7,0,56,0,0,24,12.001739794502347,22,2.3191639135246387,13,25,2.2483964358141715,6.04034669864992,2,35.17614468483868,66149821.95873452,,51508.5347209,51508.53540169025,,,116836,,,0
1494,,1783,,50222,,4887,,28230,,11164,,1459,,5180,,2050,,,,57,94,2.1038467664117473,0,12,5,2,71,50,1,0,44,0,2,11,17.267265729068555,41,10.857602326450348,21,21,0,1.391891794493366,1,0,65629987.66438877,,42426.6648993,42426.66584079644,,,56247,,,0
2969,,3191,,37180,,2775,,11935,,14013,,2920,,7299,,2811,,,,58,100,0,0,1,1,0,40,18,2,0,32,0,0,7,15.246421004068699,22,6.012772072620057,38,2,0,0,0,0,205274590.78142035,,283837.901684,283834.65829908155,,,47913,,,0
5200,,5538,,47101,,5012,,17292,,14595,,5355,,8020,,6053,,,,59,101,0,0,1,1,0,60,23,0,0,42,0,0,15,3.7767805975417286,21,1.554371333576503,50,8,0,0,2,0,84865775.6356612,,78830.7585447,78824.67781579947,,,67065,,,0
9485,,10476,,110142,,11112,,44503,,36531,,9023,,13760,,9325,,,,60,102,4.123695642818619,0,5,0,2,161,108,8,0,124,0,2,30,23.75648011496683,18,10.032611142271543,130,23,3.036557169700686,13.024406237732551,3,68.86303860680137,133314470.6890329,,52865.2810669,52865.28136735236,,,144215,,,0
7090,,8055,,79687,,8738,,31447,,25704,,6977,,10538,,7254,,,,61,103,5.324387881216756,0,7,1,1,201,99,24,1,128,0,0,64,20.08323167949492,14,51.19737173666644,50,66,0,12.22471027526397,13,60.287608686379244,100921595.21092188,,48549.9379817,48549.93774847935,,,105803,,,0
9746,,10349,,133529,,11566,,53761,,43260,,9959,,20816,,10733,,,,62,104,3.3937163855923687,0,20,1,0,158,114,4,0,106,0,0,27,25.07226659552664,24,41.97758444160857,140,14,170.257130205697,12.407837996852544,3,37.90810136820711,210504683.91137114,,75785.9453912,75785.9461159061,,,170190,,,0
11726,,13408,,148052,,13331,,49344,,53139,,10531,,26990,,10202,,,,63,105,3.7228152123296536,0,7,2,2,364,97,2,1,309,0,1,45,15.780218527805053,15,20.130025788491864,260,10,0,10.100851547994743,3,0,347339814.6773959,,133249.269265,133249.11946211173,,,188671,,,0
7843,,8787,,94996,,8798,,34266,,33474,,7264,,15048,,6961,,,,64,106,2.4758409327493793,0,4,0,0,169,66,2,0,128,0,0,37,15.00164573176892,10,24.382738351149378,72,11,1.1407367551639578,5.8894775995788375,3,16.747622511947803,172423537.43385756,,102871.621192,102867.20155550657,,,122441,,,0
7962,,10699,,120111,,11882,,42331,,39510,,8206,,21082,,9435,,,,65,107,0.9993529881887532,0,2,3,0,151,78,2,0,108,0,0,39,14.98117968557716,14,38.39414220714473,126,9,0,7.353342974370816,2,22.95374365786047,207501247.36879483,,69289.8837732,69289.88573559339,,,151107,,,0
4890,,5258,,93674,,8178,,44967,,26982,,5325,,11972,,6236,,,,66,108,9.521450407562096,0,21,1,0,178,94,0,0,110,21.0219040921761,0,36,38.842287211598766,23,14.343271641713097,104,12,1.6129407702668836,6.822556466705367,4,67.11282258773134,139600940.4159414,,73560.8890398,73560.24295799679,,,113208,,,0
11217,,12927,,204687,,15757,,70784,,72305,,11490,,40611,,12263,,,,67,109,1.5378237196470244,0,11,6,1,241,107,13,0,137,0,1,86,21.5866318018225,25,36.24931111958867,113,75,0,15.030051804414333,16,52.06293663328093,322755824.8623742,,133161.650538,133159.66733813394,,,247354,,,0
9236,,10498,,134922,,14489,,59968,,39844,,10494,,16180,,11925,,,,68,110,8.021535174653181,0,14,5,0,132,113,15,0,65,11.671013393975457,0,48,23.38416709237003,42,23.420130338235815,59,48,80.14311978488595,7.716656219467675,9,79.73068308026794,112103986.90171863,,72812.6108644,72812.58956705323,,,172634,,,0
6466,,6736,,94340,,6270,,30385,,35650,,5901,,19645,,5378,,,,69,111,0,0,2,1,0,81,44,5,0,57,3.1480273422621874,0,21,12.960109975525993,17,17.0646166891769,146,16,0,3.413756013589418,0,0,260346918.9683108,,97511.0833144,97510.91264012341,,,116431,,,0
4128,,4326,,94377,,5576,,35188,,31726,,4808,,20214,,6104,,,,70,112,10.524544939648413,1,5,8,1,71,79,8,0,39,0,0,23,29.378054513852128,26,5.012880488199717,73,22,0,8.09449481990997,4,27.151483872631378,88945075.65073244,,41644.0361561,41644.035729514086,,,112070,,,0
8222,,9378,,91669,,8828,,31198,,32177,,7465,,15749,,7021,,,,71,113,1.3181831747818717,0,10,0,1,186,74,2,0,137,0,1,39,18.806082506061305,7,43.43876819496891,123,7,0,4.80709182745494,2,0.0038242979339069188,389562511.9188575,,214441.119229,213869.43701303992,,,120038,,,0
8250,,10456,,171075,,17420,,81660,,44626,,8236,,22730,,9380,,,,72,114,1.3068322159308652,0,17,13,1,159,105,2,0,88,7.292132500231675,1,47,35.16298427400516,14,20.37360336304092,191,18,0.15357186730092026,8.284753499385076,2,3.9920100455198044,179996829.9201308,,113678.964864,113676.00100182998,,,202758,,,0
9425,,10769,,133837,,14071,,58693,,39092,,10251,,17290,,11985,,,,73,115,2.276724577494561,0,14,0,1,158,178,8,1,99,25.249033601742834,0,42,35.497789418278266,14,44.28449173006749,90,26,93.92069502987157,9.175409716810147,2,66.49488683806115,113292903.29865575,,58278.6323916,58278.38909033343,,,171576,,,0
12394,,13712,,130904,,13207,,48526,,45068,,12374,,18442,,12153,,,,74,120,5.94597292105559,0,2,4,1,129,98,1,0,95,10.723777635431706,1,30,13.245676063543362,7,32.507327731339196,160,10,0,16.887991859130636,3,115.28465814663353,232541796.41405088,,96162.0226379,96161.68274005319,,,175876,,,0
0,,0,,0,,0,,0,,0,,0,,0,,0,,,,75,121,6.695831063244875,0,5,1,0,181,43,5,0,133,0,0,43,14.94157454061845,6,29.11833031221236,67,16,0,10.005336983914455,3,21.202668674257087,475711831.4694339,,138124.900334,138123.3609843359,,,0,,,0
11870,,12596,,153357,,12035,,50076,,56929,,11171,,29523,,10619,,,,76,122,0,0,0,0,1,169,58,4,0,136,7.656202800319438,1,33,29.043574587375144,14,17.389024986595363,131,14,0,10.930381693423879,10,50.27876583336818,454780723.97359806,,154887.280081,154885.47106176906,,,194819,,,0
6533,,6621,,75268,,6216,,26875,,28374,,6470,,11379,,5567,,,,77,123,0,0,0,0,0,61,23,1,0,51,0,0,10,2.953263557340754,0,3.793973681479622,96,5,0,5.747907068774117,0,0,460790636.0285154,,120869.367378,120863.81129658087,,,98035,,,0
,10073,,10541,,145177,,13090,,52772,,48469,,9992,,26551,10493,311,,,1,,0,0,11,0,1,142,131,9,0,81,0,1,39,8.595321558349363,7,27.62818772614729,73,35,2.9419516956529397,5.574746217067307,3,11.305948649504575,103176292.45217603,,51566.988707,51566.61732924852,,181981,,,,1
,9235,,10498,,134887,,14488,,59945,,39833,,10494,,16180,11925,404,,,2,,7.249513220448843,0,13,5,0,115,113,15,0,51,11.72040660156213,0,46,21.568346733979137,39,23.420130338235815,59,48,78.61506879203102,7.188991466848013,9,75.84323135604967,65635086.27516615,,36821.1316403,36821.131720525555,,172598,,,,1
,15975,,15308,,126053,,15143,,49276,,36708,,18334,,18914,21724,312,,,3,,2.221316974334368,0,18,4,0,236,226,12,0,115,0,0,87,3.3679065052945574,36,54.17093887663587,60,66,100.62396758932262,11.262339876240889,8,50.382529685195586,99853522.93635091,,52287.4956781,52287.49606783011,,191382,,,,1
,10730,,11631,,120633,,12650,,45277,,39782,,10597,,18317,11680,314,,,4,,2.62422523335474,0,17,5,0,186,129,13,0,103,0,0,62,14.178425078980649,10,48.037996294386474,95,48,82.49515901331907,10.635274724826543,8,39.278970351465865,82179255.12015748,,49220.2644012,49220.264739107355,,160664,,,,1
,0,,0,,0,,0,,0,,0,,0,,0,0,480,,,5,,0,0,0,0,0,3,1,0,0,2,0,0,1,0.13262877191274283,0,0,0,0,0,0,0,0,32722628.661927484,,45447.3475417,45447.10471489914,,0,,,,1
,7362,,8320,,60637,,7220,,22914,,19036,,6742,,8157,6717,316,,,6,,4.728010351586997,0,5,3,1,163,123,1,1,116,3.6163532140822094,0,39,16.77495434832416,30,21.234667038772717,55,12,3.9604896301216046,6.287527523989822,5,53.83196328567843,51766598.80925495,,33028.5356267,33028.51935189297,,86468,,,,1
,9955,,11025,,119641,,11451,,42553,,42013,,9389,,19185,9681,317,,,7,,1.8326455034043545,0,12,0,1,217,142,3,0,159,0,1,40,17.72098677284753,29,23.717626428318543,102,20,95.48212719329717,14.289136329883389,8,35.27015590624206,93792186.49476984,,43301.4772939,43301.459173420044,,155252,,,,1
,0,,0,,0,,0,,0,,0,,0,,0,0,164,,,8,,0,0,6,0,0,23,26,7,0,11,0,0,5,22.490258636102674,1,9.159713643616776,0,9,0,0,0,1.7643733991353017,38310768.766894855,,32725.9102817,32725.792782945227,,0,,,,1
,5178,,9116,,91023,,15232,,35530,,22940,,4965,,11846,5386,109,,,9,,6.769995357222122,0,22,6,0,73,73,5,0,33,0,0,17,10.040227051931835,10,56.94830352395774,40,11,0,1.4983795710976753,3,0,41892885.93022748,,34956.4782752,34956.30239254959,,110193,,,,1
,12390,,13707,,130805,,13189,,48477,,45041,,12366,,18440,12146,501,,,10,,9.584450264582452,0,5,4,1,207,122,4,0,136,10.723777635431706,1,64,20.026135620172578,10,38.721385444033785,203,22,0,22.878041287346093,5,129.77741999422096,376963090.08182627,,157923.967823,157923.214838567,,175756,,,,1
,0,,0,,0,,0,,0,,0,,0,,0,0,228,,,11,,0,0,0,0,0,2,0,0,0,2,0,0,0,0,3,0,3,0,0,0,0,0,91841541.72796789,,110731.293051,110728.00713132115,,0,,,,1
,10980,,12549,,112835,,11392,,41196,,37897,,10546,,17535,10249,212,,,12,,2.0364037928579584,0,7,7,0,186,96,4,0,141,5.313552971380202,0,33,28.480795824856852,14,22.651841477521213,219,10,0,6.94588868245069,5,0,154911394.794944,,83953.6425999,83953.59808143125,,152344,,,,1
,6874,,7709,,54626,,6773,,21608,,16846,,6733,,6377,6842,203,,,13,,2.7402821935567068,0,12,3,1,123,105,1,0,63,5.987423524825629,1,43,15.413324884992676,11,35.38659317732504,62,14,0,7.49397389127438,4,30.671456349101028,44814467.48642706,,33489.4395621,33489.43915187948,,79762,,,,1
,13337,,14616,,146713,,13903,,50458,,53689,,12672,,22908,11960,318,,,14,,4.283949993521101,0,12,10,1,326,98,2,0,271,0,1,41,27.914589280220294,21,31.235617009516158,126,24,4.546595218596369,9.809220391209111,4,0.19841559749698345,235680812.0973726,,190218.255299,190217.17005088035,,193543,,,,1
,10217,,11729,,89872,,11343,,36496,,28672,,10302,,8468,10973,205,,,15,,7.041360831743073,0,8,1,0,121,84,5,0,82,0.03523125716495157,0,30,20.81935973781528,16,41.83626512492703,70,8,0,3.362773151562941,6,37.93846270218373,38309905.502769336,,29400.6991927,29400.700279627697,,128200,,,,1
,9798,,11306,,101188,,11668,,42327,,31236,,10331,,11257,11363,207,,,16,,7.714835385764872,0,9,5,1,111,63,2,0,65,4.7260180137266685,1,35,19.17812919401385,4,19.903822999375926,67,15,0,4.678089616953909,4,28.541941581039577,53294483.213323504,,44767.6406024,44767.50229981721,,139286,,,,1
,6466,,6736,,94340,,6270,,30385,,35650,,5901,,19645,5378,411,,,17,,0,0,2,1,0,88,44,5,0,61,3.1480273422621874,0,24,12.960109975525993,17,17.0646166891769,147,19,0,3.413756013589418,0,0,261007465.2436661,,97726.6630332,97726.49063212695,,116431,,,,1
,7082,,5750,,189242,,12768,,81621,,54870,,8417,,38116,11296,108,,,18,,3.729992278301512,0,19,0,1,89,260,26,0,34,0,1,31,14.249949708041528,7,95.81156970136183,23,51,0,9.124668714015943,7,20.637205681350547,55160145.61612778,,52970.7879296,52970.446137960134,,219920,,,,1
,6136,,9625,,141125,,17003,,55564,,39409,,5924,,23541,6075,103,,,19,,3.5327356969384254,0,15,3,0,91,75,14,0,42,11.362922470145081,0,32,24.850707325347177,2,1.6588999881920656,54,31,0,4.009423230674288,9,28.719666515624574,46907807.069759555,,30364.3863746,30364.371927025364,,163277,,,,1
,10084,,12616,,152713,,17966,,59350,,47034,,9310,,22982,10678,112,,,20,,6.022736514302821,0,5,7,0,131,106,5,0,86,9.956841130832627,0,39,13.167071403087963,8,0.4941506995136771,88,21,0,0,2,0,77972045.91930856,,56216.8267299,56215.47265421238,,190020,,,,1
,12602,,14345,,126518,,13383,,48891,,40677,,12266,,17712,12422,209,,,21,,0,0,2,11,2,147,67,4,1,99,9.484075662356906,1,38,19.57659194003528,5,16.149595360267902,118,10,0,6.116667911047879,2,25.692598068839175,114235599.98917246,,62201.2330853,62200.698613462824,,172298,,,,1
,7432,,9301,,93463,,10747,,36865,,27199,,7038,,14700,7229,111,,,22,,3.627699828944681,0,20,1,0,133,164,13,0,84,0,0,27,19.326807535758388,20,1.6227549152813605,36,29,0,7.298445016190732,3,0,66146613.70632811,,59502.8463432,59502.78262516339,,120511,,,,1
,6920,,8009,,90006,,9434,,37836,,27548,,6783,,11952,7241,110,,,23,,0,1,18,1,1,83,127,2,0,48,0,0,16,12.736578042558577,21,12.4327324688795,66,11,0,2.9369716214735537,3,0,39078710.780653104,,35839.1079406,35838.93175267533,,115723,,,,1
,7801,,9917,,161248,,16700,,77796,,41330,,7797,,20986,8778,401,,,24,,2.028390890585796,0,21,13,1,169,105,2,0,93,7.292132500231675,1,48,35.449455514633954,15,20.37360336304092,191,19,0.4999335727538228,8.340175406239414,2,4.345777942004897,171536968.8774706,,90064.1415772,90061.15818986933,,191105,,,,1
,4299,,4598,,36459,,4744,,15135,,10606,,4248,,4079,4537,202,,,25,,1.3316292715642373,0,3,3,0,103,37,1,0,74,0.2190371380057235,0,24,17.21338520525282,19,5.796571306081756,34,4,0,4.894110019932222,4,12.399072724129311,61860012.71061689,,49604.4730904,49604.32982901151,,52246,,,,1
,14563,,16536,,130993,,15275,,49292,,42053,,13754,,17800,13623,305,,,26,,4.5924451498064105,0,14,4,1,359,168,5,0,279,3.7031828888308933,1,62,35.878648640841845,71,17.19051204385561,112,27,152.58683717218278,10.708974403576319,8,38.84979037134059,155479865.46602464,,65143.906531,65143.42468859922,,182896,,,,1
,8169,,8729,,84281,,7787,,29227,,28608,,8275,,15319,8864,414,,,27,,0,0,2,2,0,99,41,2,0,73,0,0,22,11.74389941013439,39,7.567143406196568,88,10,0,0,2,0,195798159.3910687,,212065.176432,212057.25600410296,,114978,,,,1
,0,,0,,0,,0,,0,,0,,0,,0,0,482,,,28,,0.5457919179537241,0,0,0,0,13,0,2,0,11,0,0,2,3.2269682417747676,2,0,18,5,0,1.1232539610769323,0,0,24492227.599210605,,31123.9689954,31123.846706217413,,0,,,,1
,0,,0,,0,,0,,0,,0,,0,,0,0,483,,,29,,0,0,0,0,0,12,0,0,0,11,0,0,1,0,2,0,0,0,0,0.8645804891548717,0,0,191570710.2397191,,107381.443952,107374.37927493264,,0,,,,1
,7841,,8781,,94956,,8793,,34256,,33458,,7263,,15044,6960,410,,,30,,2.4817144864897425,0,4,0,0,177,66,3,0,134,0,0,39,14.740523952859496,10,24.382738351149378,72,13,1.0133926730202856,5.8894775995788375,3,16.747622511947803,171417885.20679185,,104738.602704,104734.8496909441,,122396,,,,1
,15318,,17439,,171410,,17573,,62677,,57894,,14448,,26287,14283,412,,,31,,6.636697502258262,0,18,1,2,411,174,26,1,283,0,1,107,38.87651011324287,14,94.63613993163534,168,74,0,14.953556250283249,15,60.318217105840425,267333293.25703084,,65933.9423637,65933.84212192472,,225919,,,,1
,5260,,6696,,81209,,7262,,27386,,25534,,5332,,17946,6315,208,,,32,,0,0,3,13,0,84,34,1,0,53,6.746833401117155,0,27,8.617653549930527,11,1.8135924705661073,102,8,0,0.5737070997546625,0,3.2668340953317236,92075819.52586593,,47876.3408484,47875.8810287757,,101731,,,,1
,0,,0,,0,,0,,0,,0,,0,,0,0,226,,,33,,0.06490046330641801,0,0,0,0,2,6,0,0,2,0,0,0,3.414820773231805,0,0.5705992281523614,7,0,0,0.3420724325560078,0,0,50571025.8464674,,32829.4123037,32829.41239372842,,0,,,,1
,9425,,10769,,133837,,14071,,58693,,39092,,10251,,17290,11985,403,,,34,,2.2392872898647123,0,14,0,1,158,177,8,1,99,24.81670581382893,0,42,35.286201852722805,14,44.28449173006749,90,26,95.02826336758022,9.130109546644631,2,65.20790964249211,82996841.5662212,,42134.1308602,42133.89633334239,,171576,,,,1
,6732,,7511,,97914,,10761,,47287,,26418,,7759,,10333,9429,307,,,35,,0.10687516984597625,0,20,4,1,138,178,3,0,78,0,1,31,22.098539744707285,11,27.98047514455218,93,5,2.1100837116646027,3.585413812922507,2,26.15588460027017,104136254.15032499,,88672.447145,88672.44629536214,,126230,,,,1
,6385,,6547,,100215,,7713,,39055,,32821,,6665,,18054,7251,310,,,36,,0,0,17,3,0,114,163,6,0,65,0,0,24,22.764915452148962,8,8.330206631343165,79,20,0,4.354281752859585,0,11.862121654237761,111031899.10854805,,44800.7424084,44800.19139487825,,124491,,,,1
,648,,1857,,47957,,6315,,23252,,11079,,872,,5834,1816,105,,,37,,5.256573776378643,1,42,0,3,191,163,20,0,64,0,2,79,38.264662136990566,22,25.257610323036126,6,31,0,12.24602646038609,19,49.03589585251192,43796753.34385144,,35287.6210046,35287.571265681814,,51673,,,,1
,2263,,4184,,131728,,16318,,56997,,33285,,2840,,22272,4586,106,,,38,,0,0,22,3,0,105,133,29,0,54,0.14581327204242714,0,26,24.17673072215136,5,0,13,55,0,11.800827391279324,6,32.325071237492125,38704918.10670351,,40617.988095,40617.987255600594,,142745,,,,1
,7962,,10699,,120111,,11882,,42331,,39510,,8206,,21082,9435,408,,,39,,0.9993529881887532,0,2,3,0,152,77,2,0,108,0,0,40,15.15060662920722,15,38.39414220714473,126,6,0,7.270768678627309,2,23.01983285782311,207570910.986536,,69466.7091417,69466.60795707768,,151107,,,,1
,9463,,10457,,109343,,11091,,44240,,36229,,8989,,13556,9292,409,,,40,,3.4810864733085243,0,5,0,2,134,107,5,0,103,0,2,24,20.8377961077899,16,10.032611142271543,122,16,0.6705912727175635,11.845365840552299,3,69.01959965363488,107153838.64276852,,49880.0443388,49879.92120779055,,143317,,,,1
,0,,0,,0,,0,,0,,0,,0,,0,0,481,,,41,,0.7449133089595334,0,1,0,0,15,0,0,0,12,0,0,2,2.0221171590306684,3,0,0,0,0.8359537386343744,0.5276647526196777,0,2.1272574591006883,48097943.85191714,,54129.2468109,54128.98580389046,,0,,,,1
,4890,,5257,,93667,,8178,,44962,,26380,,5325,,11972,6236,402,,,42,,8.837329020537021,0,18,1,0,173,94,0,0,110,21.0219040921761,0,34,38.9216770086519,22,14.343271641713097,104,11,1.1314660738901618,6.812434730016548,4,67.33171189775187,139890219.55339307,,72267.6078326,72266.7627845214,,113200,,,,1
,0,,0,,0,,0,,0,,0,,0,,0,0,356,,,43,,0,0,0,0,0,7,0,0,0,5,0,0,2,0.029833968610964007,2,0,0,0,0.8014909073423839,1.6859741821258534,0,0,133619440.26754375,,265367.183914,265356.35604361375,,0,,,,1
,5332,,6427,,84893,,6743,,23763,,29236,,4973,,22547,5257,313,,,44,,0.9889001291889871,0,5,0,0,105,70,5,0,65,0,0,30,4.479410210658924,7,7.003947063547229,42,12,2.1173265267098746,9.292098188436043,7,5.522941616630409,88149032.46483731,,65747.2476804,65745.2858590317,,104278,,,,1
,8891,,9752,,126119,,11080,,40519,,44245,,9087,,26319,9757,315,,,45,,1.6359282315270718,0,10,2,3,182,190,11,0,123,0,3,44,15.85627263130725,0,24.30621308320863,123,41,143.3073061973659,9.376527363845508,7,42.37198431767411,131647154.07896447,,115288.814231,115287.8776971919,,159650,,,,1
,1930,,2616,,94533,,8836,,46081,,26432,,2197,,11858,3295,104,,,46,,0.6907316078904199,0,19,1,0,102,147,14,0,41,0,0,39,25.196799894094546,16,24.906524609477113,29,21,0,11.32674310085459,8,25.439456805102708,49291751.30681616,,67935.2270772,67934.98992602447,,103245,,,,1
,7028,,7218,,178087,,11636,,71965,,56915,,8155,,34707,11460,107,,,47,,7.75882582374475,0,18,9,0,56,178,8,0,16,0,0,21,14.329049270060867,24,8.519971232193974,59,19,0,2.5685461961245273,1,0.4884320136936535,53154186.382290535,,39863.6170106,39863.56602623879,,209084,,,,1
,0,,0,,0,,0,,0,,0,,0,,0,0,355,,,48,,1.161082381894515,0,2,0,0,22,7,1,0,19,0.20531300167813055,0,1,12.042331217600458,14,0,2,3,0,1.248814804146533,0,0,26129307.99398621,,23943.6780812,23943.37156893991,,0,,,,1
,11217,,12927,,204687,,15757,,70784,,72305,,11490,,40611,12263,407,,,49,,1.5649323648918236,0,11,6,1,242,107,13,0,140,0,1,84,21.73295595932978,25,36.24931111958867,115,75,0,14.96771229382839,16,54.24427884576442,328421482.31384784,,140002.368648,140000.17271615675,,247354,,,,1
,7462,,8910,,63593,,8135,,25332,,18343,,7572,,8134,7609,201,,,50,,2.4401633291787235,1,10,1,1,158,72,4,0,106,0,0,40,11.534921542154116,14,6.600937181391724,61,19,0,9.276236829188457,9,34.8648621652009,60404920.4554851,,33328.1286721,33328.12995721919,,91497,,,,1
,11262,,12658,,103817,,12067,,41853,,32447,,11449,,12333,12372,204,,,51,,8.423974553203552,0,7,7,0,110,119,1,0,69,3.022063608062357,0,33,22.24638016289842,23,5.5905579600221404,75,8,0,7.1703831559248785,5,41.942778497363975,55535600.41109174,,31290.1209026,31290.10380381552,,146441,,,,1
,3397,,5219,,84598,,7586,,42093,,21019,,3659,,10812,5832,302,,,52,,4.190029237876294,0,26,7,1,162,124,26,1,96,17.334453056768048,0,36,27.95761504163384,38,15.427878734580077,124,44,1.282281453035592,7.9209335155519724,12,25.8751904556891,79326667.60227369,,74164.312703,74163.99647656805,,99617,,,,1
,4157,,3937,,85528,,5312,,45967,,23206,,5149,,9697,7284,306,,,53,,0.8260581194167002,0,8,6,0,85,130,6,0,55,4.671238693434549,0,16,22.02638528722489,6,15.998399743453719,128,9,0,2.378819211316893,1,6.049111336702832,85495381.01980188,,82090.0194563,82088.99694508278,,104709,,,,1
,6956,,7756,,96140,,7758,,31409,,32914,,6392,,20767,6440,210,,,54,,0,0,4,0,0,89,48,1,0,59,7.713026474329385,0,24,8.971644766824511,9,15.21231655822,126,6,0,2.999982446593895,0,0,179674786.82464808,,280386.637677,280378.9363594896,,120392,,,,1
,0,,0,,0,,0,,0,,0,,0,,0,0,595,,,55,,0,0,0,0,0,6,0,0,0,3,0.254327180458684,0,3,4.076700605575063,2,1.4737122492491193,0,0,0,0.8541909314779658,1,0,54705080.15387668,,110127.743033,110126.287536158,,0,,,,1
,7078,,7768,,87218,,8162,,32953,,27517,,6975,,15485,7294,211,,,56,,0.31328878081724676,0,7,0,0,119,77,3,0,89,4.32446877043498,0,20,14.728282852847723,9,31.17854650156518,143,17,0,6.727680446722157,3,2.5369076527987424,100334016.56499304,,45877.9422009,45877.93055499723,,113232,,,,1
,7885,,8513,,104153,,8400,,34142,,38481,,7471,,19885,7226,502,,,57,,3.0573537197180127,0,2,1,1,240,55,4,0,204,7.401875619860753,1,34,27.86278036783419,14,36.56563821459085,90,11,0,12.025054036291353,9,55.446351771036404,593162525.2447953,,142503.577015,142502.36016033092,,132003,,,,1
,10467,,10678,,124077,,9790,,42548,,46767,,10079,,21009,8871,503,,,58,,0,0,0,0,0,87,45,3,0,72,0,0,15,8.653519851486049,1,3.793973681479622,161,12,0,8.668522281605604,1,0.8829711092240214,598994293.3457943,,189069.319448,189063.31725555795,,160209,,,,1
,0,,0,,0,,0,,0,,0,,0,,0,0,484,,,59,,0,0,0,0,0,1,0,0,0,1,0,0,0,7.543088363957952,4,0,0,0,0,0,0,0,124141249.26600267,,247831.057459,247826.4108592593,,0,,,,1
,1276,,2058,,53009,,7244,,29967,,10818,,2088,,3596,3931,101,,,60,,1.0341163618914488,0,6,1,0,51,43,8,0,26,0,0,19,13.533852442055787,9,2.7147042847689384,3,16,0,0.8263765290529546,3,6.858238337517074,42527339.904453166,,73136.7891033,73136.41717826333,,60978,,,,1
,1670,,4450,,82080,,7381,,37891,,21556,,2203,,11806,3059,102,,,61,,3.5624103875793507,0,25,10,0,80,70,3,0,35,4.763579545738487,0,19,16.768392079234847,13,19.857080490509084,23,11,0,4.918419683295347,3,30.825456044458925,37720145.18116209,,34940.5338127,34940.243592093226,,90016,,,,1
,5492,,6030,,75593,,7753,,34190,,21747,,5373,,9499,6233,308,,,62,,8.774492853680247,0,7,0,0,118,122,9,0,79,7.176112460381313,0,27,12.179844717536017,60,37.781786319513266,85,23,1.0806036592011279,11.020892762338747,11,38.10726564189364,45604094.95866763,,38207.7719954,38207.707429761576,,96317,,,,1
,6042,,6597,,75849,,8200,,28682,,24338,,5954,,11953,6663,309,,,63,,2.7402038991445252,0,6,1,0,71,97,11,0,43,0,0,21,6.6723342907138,40,20.894825910850248,105,25,1.7507265956587295,10.933085425915205,4,30.59418843367926,45329407.1452925,,29962.5693079,29962.514624501724,,98429,,,,1
,6855,,8985,,57802,,8586,,22481,,15847,,6929,,6473,7112,206,,,64,,1.9492820066960383,0,6,1,0,95,87,1,0,62,0,0,25,18.842531296284772,6,8.671207007361653,64,9,0,6.905366349686456,3,45.02413547309626,42893578.5638563,,35831.2369665,35831.235978793346,,83268,,,,1
,0,,0,,0,,0,,0,,0,,0,,0,0,227,,,65,,0,0,1,0,0,14,4,0,0,13,0,0,0,1.0461285961099582,0,0,1,0,0,1.5310966427905484,0,0,31207978.630170245,,28343.9993144,28343.98745465276,,0,,,,1
,4179,,4387,,95367,,5659,,35505,,32065,,4877,,20440,6145,406,,,66,,10.621362191204774,1,5,8,1,88,79,8,0,54,0,0,24,31.2285774854968,26,13.133921948184623,73,22,0.005519457615428252,8.60961483250018,4,27.151483872631378,82688544.59102233,,42753.0190953,42753.01902398986,,113257,,,,1
,11720,,13402,,147998,,13324,,49312,,53126,,10525,,26990,10194,413,,,67,,3.7228152123296536,0,6,2,2,324,97,2,1,277,0,1,39,15.780218527805053,19,20.130025788491864,260,9,0,10.100851547994743,3,0,350483055.2592905,,139775.106836,139774.39457241065,,188593,,,,1
,10480,,11639,,113889,,13663,,48912,,32994,,10463,,13519,11315,303,,,68,,2.3981357601103053,0,17,0,0,182,243,23,0,108,0.4470769205349115,0,49,6.832936769662167,5,62.53305120646337,207,53,76.43502689417524,14.890690241037305,6,60.60418145792674,79461421.1174575,,36213.7114813,36213.711453059215,,152985,,,,1
,7683,,8630,,83984,,11809,,38125,,22003,,7753,,8387,8244,304,,,69,,0.24996539740237841,0,5,0,0,119,64,2,0,69,0,0,40,11.113734249339268,22,16.191068644811626,68,12,55.187354456332756,5.084908148860694,0,19.72416610418696,56668152.79188623,,37027.8932275,37027.853572700114,,112634,,,,1
,9975,,10414,,131819,,16444,,66070,,30395,,11072,,14666,14047,301,,,70,,2.1038467664117473,0,33,6,2,174,167,7,0,96,0,2,35,28.74970960457215,61,13.176766239974986,32,44,2.020206119171124,7.180392725526045,3,34.91043712014371,131764381.09930514,,69086.6037626,69086.60583088355,,173083,,,,1
,9700,,10294,,132709,,11488,,53474,,42984,,9897,,20659,10694,405,,,71,,3.3937163855923687,0,19,1,0,135,115,4,0,86,0,0,26,23.492155096067155,24,41.97758444160857,140,14,171.37165828063047,12.093774574762698,3,37.44162178005596,210385384.54695043,,70097.8308397,70097.67402516656,,169190,,,,1
,5203,,7199,,146145,,16368,,66683,,37925,,6120,,21130,8338,,,1,1,,4.849080206561122,0,31,4,0,149,96,17,0,64,0,0,51,35.21252477961526,12,11.355507157194243,24,32,0,2.9718644951125572,9,40.503423015496644,78675876.24603613,,111818.637401,111818.26684588143,,168966,,,,2
,4031,,10154,,145773,,21670,,62977,,34543,,4072,,19120,4987,,,2,2,,1.6551981649348204,0,18,7,0,108,128,29,0,50,11.362922470145081,0,36,24.707295938582163,6,0,51,63,0,9.190442554327308,13,37.44960003788732,47464103.644621655,,46292.5535045,46292.53873336965,,161554,,,,2
,4755,,4086,,135526,,11142,,52306,,40682,,5434,,29938,6856,,,4,3,,7.238075267455562,1,49,0,3,222,295,33,0,92,0.20450077429153887,2,74,46.27051958959504,16,85.48432191526283,16,54,0,15.765074627163205,11,56.83608570840617,70476596.7891523,,70470.2898973,70470.28917747665,,155199,,,,2
,4035,,3719,,141905,,10381,,65394,,38986,,5199,,25602,7953,,,5,4,,0.20254226721042823,0,15,0,1,55,137,17,0,18,0,1,20,11.324501639088417,2,33.295040786214955,12,38,0,8.385391095059811,4,10.83888623610841,37201411.70998625,,63313.5217223,63313.18155313226,,161269,,,,2
,8277,,9983,,125430,,13858,,51478,,37495,,7837,,18461,8828,,,7,5,,9.752667333473637,0,27,8,0,97,105,9,0,43,0,0,26,15.629099288221035,15,56.94830352395774,57,24,0,2.0070535212574234,4,0,51413487.42742851,,50136.8016421,50136.73519866866,,156217,,,,2
,8230,,12147,,133504,,17989,,52545,,38322,,8136,,18110,8944,,,9,6,,1.404335731951047,1,26,4,1,142,188,8,0,84,0,0,29,16.361348634529623,21,12.4327324688795,77,23,0,4.301492803169207,6,0,57258292.75426672,,47318.1671658,47318.040634461715,,164423,,,,2
,8012,,10221,,107661,,13720,,40657,,33299,,7291,,15564,7883,,,10,7,,4.509911821577978,0,4,5,0,121,0,4,0,81,9.956841130832627,0,35,11.813832863247551,8,0.4941506995136771,75,14,0,0,1,0,73308291.3348137,,64350.9239076,64349.63842701826,,136647,,,,2
,8986,,11887,,127725,,12613,,46310,,39314,,9477,,23533,10802,,,11,8,,4.162357496310547,0,8,14,0,164,0,3,0,106,11.472851414843824,0,46,23.326148123875853,9,5.801137967148571,168,16,0,2.7183313025181652,2,5.652074912706034,205662269.92088804,,86731.940777,86731.50318353149,,162922,,,,2
,11845,,13586,,129141,,12101,,43744,,44763,,11040,,23328,10775,,,12,9,,2.188329379870264,0,6,7,0,162,0,2,0,119,7.643573292596067,0,34,29.156136620678005,12,23.03186632695584,183,8,0,5.781830406813535,3,0,137960674.386168,,56964.599023,56964.55551608066,,171182,,,,2
,12073,,14036,,113337,,13794,,46284,,35278,,12106,,12152,13153,,,14,10,,9.895091191611753,0,14,7,1,177,0,5,0,113,2.722235832987091,1,48,20.13558921213161,18,42.452751732673335,92,15,0,5.36696875244625,11,46.36666462900727,51654657.55401618,,48426.4078388,48426.136555380435,,158876,,,,2
,13639,,15429,,116709,,15177,,47839,,35027,,13877,,12405,14602,,,15,11,,4.613047993277425,0,11,2,0,177,0,4,0,131,0.020298801975071324,0,31,34.02127655354394,17,25.245513503609555,112,16,0,12.96698882383036,6,61.30174662525961,97486220.42658533,,63471.8886871,63471.88946068498,,167995,,,,2
,14442,,16167,,123105,,14623,,49189,,38857,,14521,,13916,15241,,,16,12,,5.964496418514947,0,9,4,1,127,0,1,0,73,0.9162444204032134,1,43,22.006454028464304,23,27.004483108311447,75,13,0,9.231828355532182,4,45.682211015797456,57851963.40142742,,70445.323461,70445.16698136413,,176956,,,,2
,12388,,14084,,124344,,13183,,48108,,39835,,12041,,17477,12294,,,18,13,,0,0,1,11,2,134,0,4,1,90,13.863254986591937,1,35,17.8954327185208,4,16.149595360267902,125,10,0,5.862448529530511,2,25.128518185394427,106367262.31279573,,62043.9011567,62043.365350333734,,169410,,,,2
,6865,,8564,,134236,,11144,,47688,,47802,,7244,,24029,7577,,,20,14,,1.5378237196470244,0,7,0,1,154,0,12,0,72,0,1,69,18.95714553203213,19,29.08587136089096,60,66,0,13.69529242857687,14,53.19922123700763,142121331.94831356,,60347.2337998,60347.15960398086,,160913,,,,2
,9966,,11760,,130810,,16222,,62215,,34372,,11592,,12869,13674,,,21,15,,3.465747932011384,0,17,1,1,171,0,6,1,106,13.752290095434452,0,44,25.44657918360472,14,26.45636434344731,66,29,83.8499480251264,8.673936219830733,6,65.57627806534038,132386814.1302314,,78689.5338974,78689.19001390558,,172670,,,,2
,5308,,7012,,125830,,12933,,62009,,31247,,5363,,16422,6215,,,22,16,,0,0,9,11,1,133,0,2,0,76,12.868333084190855,1,45,26.83167659749535,8,23.862420357494823,182,11,18.736855019587463,4.112992795047048,2,7.821116279918659,143919709.20944905,,89182.7438163,89179.86257142406,,146509,,,,2
,8768,,11757,,132826,,13463,,47958,,42935,,9187,,22656,10724,,,24,17,,2.071516457911625,0,3,1,1,209,0,15,1,139,0,0,65,13.192375459022937,22,15.843208033287414,99,38,0,8.416910525748758,8,34.477324443812265,185607326.77013564,,62126.6513562,62126.64449785507,,167448,,,,2
,8188,,8916,,130858,,11577,,53328,,42330,,8623,,19865,9733,,,25,18,,6.832511820136376,0,9,4,0,83,0,17,0,37,17.715656253291332,0,33,30.272122836988128,38,34.263199271016646,73,45,74.72484563919737,7.92011463867578,5,73.35073351931185,63563192.87028972,,44472.5287902,44472.528598581725,,162560,,,,2
,7586,,8375,,131894,,12187,,61936,,37293,,7964,,17005,9073,,,26,19,,9.862800029785848,0,31,3,0,220,0,0,0,129,21.0219040921761,0,46,47.42423589490148,30,15.498293853104144,120,19,0,11.290536059083484,4,64.86571803186278,151969841.66111138,,76159.1466557,76158.56726862432,,161419,,,,2
,10152,,11912,,119951,,11872,,41732,,40943,,9442,,20649,9196,,,27,20,,4.547819762444665,0,8,1,0,271,0,11,0,198,0,0,62,33.78710467662693,9,62.47435290409414,150,36,0,10.00410584951819,6,31.71654868251565,221759404.066369,,82528.8876261,82528.88841702418,,155898,,,,2
,10352,,11520,,126757,,11172,,45024,,45242,,9657,,20870,9469,,,32,21,,2.282624815821994,0,4,1,2,185,0,4,0,142,0,2,37,39.95047371747862,39,14.783112088402056,134,11,1.6169576340843101,8.930128211327926,4,28.8490401028817,310184823.0927777,,311382.644188,311375.3615239989,,163306,,,,2
,8898,,8931,,130594,,12477,,66883,,32763,,10855,,14741,15187,,,33,22,,4.133269292853067,0,32,3,2,197,0,23,1,122,15.778472680516971,1,39,36.35139034922664,73,9.835939282258309,87,71,7.944919149278936,9.71706139131997,11,36.08516656930572,124116407.22277004,,132675.812958,132675.46256082287,,170735,,,,2
,9250,,10364,,119814,,13694,,56212,,33009,,10424,,12544,11785,,,38,23,,0,0,30,10,1,209,0,5,0,113,0,1,51,24.765216312609347,19,36.81708504850117,87,33,12.081636938104712,5.32697309810004,3,42.54446263325261,138429073.87472868,,150344.001442,150343.166464366,,157282,,,,2
,12463,,14168,,120682,,12977,,42917,,39839,,11878,,19347,11561,,,42,24,,0,0,13,5,2,326,0,2,1,247,5.117036706117196,1,63,43.02591485874881,55,20.52203402724408,87,25,104.87299403647566,9.421328439483657,9,40.77978117529951,200990392.28540197,,229297.922117,229293.4612547223,,165150,,,,2
,9025,,9219,,135762,,11050,,52171,,44777,,9024,,24120,9712,,,43,25,,0,0,13,1,1,159,0,8,0,101,0,1,35,24.51761770811877,8,19.09326528913286,108,23,0,6.419605025635095,0,5.242172227342643,146837942.97913438,,85442.8358552,85441.23003579603,,169098,,,,2
,9306,,10233,,107806,,10457,,37842,,37991,,8566,,17386,8652,,,45,26,,4.391851678201705,0,8,2,1,302,0,7,0,229,0,1,58,17.697077979694527,34,43.93318337113031,122,29,81.43653583947754,12.556997741876337,8,11.6567909521277,116764855.82766572,,64758.7205641,64758.72015417324,,140433,,,,2
,10554,,11396,,128216,,11093,,42175,,48341,,10221,,22149,9750,,,46,27,,2.3381687717559525,0,10,11,1,216,0,4,0,179,0,1,25,22.33276226981095,7,22.05412307613014,111,18,28.534656869756958,9.258474658213315,4,0,278450899.4002629,,254856.916088,254851.73814364706,,165679,,,,2
,10183,,10502,,122474,,9746,,42553,,46132,,9865,,20114,8811,,,51,28,,0,0,0,0,0,114,0,3,0,92,0,0,22,10.037320131621543,3,10.740624095406384,149,12,0,7.879497072126445,1,2.5153482509431746,655545440.3170166,,195569.998279,195561.9346697354,,157906,,,,2
,2876,,5157,,159415,,15557,,78573,,42401,,3612,,19543,5535,,,3,29,,4.641265102523813,0,43,7,0,196,240,21,0,83,4.763579545738487,0,66,43.212571378732704,41,47.19672472295406,51,36,0,17.743661399651547,17,48.1567864461647,82529584.41320525,,93880.4478923,93880.01858657858,,173254,,,,2
,4842,,5002,,141199,,8113,,59562,,44246,,5903,,27167,8985,,,6,30,,5.814921835433014,0,12,6,0,44,177,8,0,12,0,0,19,33.35395864389499,17,15.156335818921818,48,15,0,2.3178582275543813,2,1.836740309258413,83596568.97591066,,56827.9485843,56827.8301895183,,163820,,,,2
,9376,,11496,,127727,,14436,,50245,,37003,,9118,,21208,9724,,,8,31,,5.442824085616895,1,23,2,1,210,162,11,0,126,0,0,59,25.363345531056193,38,6.600937181391724,91,28,0,12.769060560991397,5,22.328289497516625,102786480.48483908,,114082.725982,114082.52128732025,,162606,,,,2
,14400,,16549,,126550,,15798,,50577,,37507,,14447,,15950,14836,,,17,32,,3.595168660236213,0,10,6,0,242,0,3,0,164,6.066183965438574,0,61,35.27887403684094,24,27.922390240507706,131,22,0,15.15333957380075,11,59.98835866301034,135056202.60100308,,120786.666189,120786.52166872211,,180064,,,,2
,10625,,11856,,110609,,11666,,41404,,37846,,9704,,15016,9210,,,28,33,,2.3870688898021513,0,13,0,1,254,0,3,0,191,0,1,50,10.232303949919444,6,42.70590308636698,88,16,0,10.407201813664857,6,56.39994562362851,243591867.15660957,,115751.076998,115750.82916127748,,147327,,,,2
,8964,,8091,,115908,,9316,,56087,,32690,,10797,,14829,13567,,,39,34,,2.187266191442392,0,15,2,0,169,0,14,0,101,1.7281484675592347,0,40,33.77105006102197,37,20.44971788655696,147,35,28.1712397658034,6.238668264315267,7,18.32012419707103,116515112.7438374,,73574.1193686,73573.97657671194,,154341,,,,2
,7929,,9392,,119695,,13270,,56350,,30759,,8342,,14795,10956,,,35,35,,8.686518585776756,0,23,7,0,191,0,29,0,116,11.4038310983089,0,44,26.373753722076774,97,33.71768080598749,206,54,3.5041775261942365,15.385486684509555,14,42.299521764765196,81507824.09246379,,57087.7530902,57087.68951309083,,151793,,,,2
,8983,,9980,,112858,,11496,,44800,,37452,,8965,,15051,9795,,,40,36,,2.5796111954871472,0,17,3,0,139,0,7,0,75,0,0,44,13.722196041254689,13,9.172600506145539,83,32,43.544375844648876,11.844403357302536,6,42.81488439117233,62698535.09406165,,42794.2771894,42794.16447756405,,146522,,,,2
,9978,,11007,,132430,,11724,,48086,,42615,,9756,,25377,9987,,,13,37,,0.11262528532353218,0,9,0,0,145,0,3,0,104,5.141003179842375,0,29,13.470039954298803,19,42.12639051235614,213,17,0,6.05515931045414,1,0.285556712337561,327346589.53372514,,335396.45291,335386.61885323795,,168530,,,,2
,8097,,8406,,126252,,8459,,41332,,45253,,7680,,28127,7883,,,19,38,,0,0,6,6,0,136,0,4,0,98,3.1480273422621874,0,30,9.010178391747836,23,24.22805644787451,145,20,0,5.154202242074597,2,1.0577560456872641,332449314.22575885,,184426.610964,184424.45567775654,,155237,,,,2
,12119,,13399,,126486,,12929,,46762,,43202,,12079,,18041,11832,,,49,39,,7.89622787882644,0,4,4,1,184,0,3,0,118,10.723777635431706,1,60,19.468970940038982,10,38.721385444033785,178,18,0,21.227128012506096,3,122.63480698510064,329142687.4103511,,182099.997162,182099.19645574494,,170363,,,,2
,9288,,9828,,122501,,9825,,40726,,44930,,8991,,23295,8654,,,50,40,,4.745576105474046,0,3,1,1,242,0,5,0,205,7.656202800319438,1,34,31.25681520130051,14,33.07663059757773,131,15,0,15.636271606777003,12,62.71043156546911,639136860.3191121,,185331.938851,185329.68890467854,,155537,,,,2
,8820,,9996,,125000,,11186,,39256,,42664,,8763,,27909,9492,,,48,41,,2.920376738287277,0,12,0,0,218,0,16,0,139,0,0,63,9.561537153798271,3,38.03287609482556,108,49,100.58835471197735,11.674444554093474,12,44.289128461044015,116106821.55911349,,92700.5826854,92699.98879315967,,158086,,,,2
,9819,,11249,,114023,,13197,,47343,,34049,,9020,,14820,9439,,,36,42,,4.941792340299366,0,11,0,0,173,0,15,0,106,0.16475944228041225,0,50,6.03769622165614,3,45.463231735956484,182,36,55.95721194896042,14.35430855210958,6,65.6288490146665,76221798.62422548,,42153.2067776,42153.20737706532,,148936,,,,2
,11749,,12830,,117238,,12075,,42375,,39310,,11412,,18505,11867,,,31,43,,1.0227093935557325,0,7,1,1,255,0,1,1,207,0,0,38,16.042416318853014,30,9.53562823524654,201,12,0,3.271036608674522,3,0,436369646.2839755,,433381.014398,433363.43864441215,,160123,,,,2
,6100,,6414,,122708,,8094,,47864,,40585,,6860,,23632,8373,,,29,44,,13.14938820652201,1,6,8,1,137,0,13,0,97,0,0,29,31.73584970607158,33,5.012880488199717,97,35,3.0887570575832752,11.234517831767683,5,46.79131641744267,120051375.39183299,,57679.4010834,57679.245172528455,,147922,,,,2
,8833,,9350,,121847,,10191,,47212,,40823,,8920,,19875,9404,,,30,45,,4.856626586962557,0,17,1,0,148,0,4,0,100,0,0,26,27.273812286011093,19,37.86725750549058,160,15,150.20436903989426,10.9400427144616,3,31.087201583241125,253782034.46168655,,96679.1938482,96679.03591211552,,154608,,,,2
,8560,,9116,,121941,,9180,,39710,,45300,,7742,,24277,7497,,,23,46,,2.404510467823134,0,1,5,1,140,0,5,0,112,0,1,26,17.321537750028135,9,22.55093417385724,184,15,0,7.6029386969049435,0,0,305406624.3202509,,77503.9404342,77503.94080867193,,151382,,,,2
,11569,,13111,,111823,,12294,,42354,,36568,,10924,,15381,11127,,,41,47,,5.375330520568272,0,12,2,0,188,0,4,0,125,2.4633922207818757,0,44,21.712911477407804,45,37.97155859099632,109,21,39.9619567940857,12.762022612248304,7,67.43729002994601,78158259.52171595,,57718.1099853,57718.11113112393,,153328,,,,2
,12547,,12316,,114052,,12966,,40847,,34990,,13734,,20340,16599,,,44,48,,0.6668958217185659,0,8,4,3,167,0,6,0,83,0,3,64,3.4993541949107994,16,65.49124804445842,64,35,76.21198551095011,7.617890246901178,2,36.9486742615174,92757132.44988547,,57615.3970969,57615.39739206488,,164339,,,,2
,9059,,10294,,128243,,11175,,40612,,43210,,8903,,29114,9447,,,47,49,,0.23444082053104592,0,14,0,0,105,0,4,0,60,0,0,26,8.381971621612019,5,13.758491201449106,83,21,25.552450771089177,12.49913820279035,4,15.285637024750187,125367335.48131357,,99596.455706,99595.15550511901,,161814,,,,2
,8732,,10048,,125418,,16264,,60617,,30666,,8637,,13662,9515,,,34,50,,0.12575517018906054,0,24,4,1,158,0,8,0,88,0,1,35,22.95473143922234,31,23.93480259028011,56,26,45.02404258842243,10.032952740391703,2,47.55760370810727,104794214.82693392,,84283.9392588,84283.93837844825,,158141,,,,2
,12109,,13619,,114284,,14691,,48281,,33977,,11794,,11742,12225,,,37,51,,7.002589195585164,0,6,1,0,204,0,3,0,146,0,0,50,12.718166296459499,39,11.625440260394363,96,14,91.18122497620455,8.244047407067212,2,32.02677508402265,98297127.59500764,,65505.8449772,65505.844131010526,,158438,,,,2
,30797,,32929,,,,31458,,91319,,103001,,30015,,59344,28339,,Staten Island,,1,,12.641803984300466,0,7,5,2,540,222,11,0,415,18.379980435751147,2,116,59.927520065199765,27,80.55470958935341,454,45,0,43.57161760524313,16,185.66313724438558,1623824987.9263787,0.02817141070150039,,330468.5634729587,0.7011478521932505,468730,,,,3
,58229,,77462,,,,141558,,464150,,295617,,61323,,214153,76579,,Manhattan,,2,,41.9858176331942,2,237,42,5,1219,1566,154,0,580,26.08399579411382,3,375,236.48061891106357,158,233.64790512167343,435,316,0,62.889354125973455,67,187.31951687861877,636429299.3774205,0.009279958848000506,,358394.07370141125,0.5824900767639943,1585873,,,,3
,99159,,115662,,,,112897,,294550,,258143,,98664,,145882,103144,,Bronx,,3,,34.05612060868881,1,79,52,5,1453,899,28,1,973,46.66002457097575,3,367,195.7599003464248,144,188.07344904349674,1131,128,0,62.933541349249495,45,253.9447570914165,1186843957.7360926,0.01589684887899813,,464463.2950730322,0.6000003397563944,1385108,,,,3
,156563,,170684,,,,195797,,603348,,466082,,159391,,287633,177198,,Brooklyn,,4,,45.45811115250661,0,245,55,12,3108,2575,155,2,2025,35.212553466243946,10,726,300.6498144735009,478,404.35048460237044,1680,523,699.5830030081324,141.32063813505368,97,513.2201625887311,1937805800.1832433,0.02671974941400306,,741214.5515976958,0.7338178240298214,2504700,,,,3
,123406,,139096,,,,160875,,526485,,460068,,123766,,286146,132464,,Queens,,5,,54.54690325261344,1,141,43,10,2509,1397,97,3,1709,66.98721667158362,6,605,343.7742920584177,306,350.7908577717451,1754,367,346.23763894156446,113.76825192537062,68,496.9194558836024,3045185165.579083,0.04914811759900319,,896892.2407214371,1.47985078427565,2230722,,,,3
